18868_4132_x11881_y6094,MOp,L5
18457_00144,VPM,
15257_4021_x16401_y21556,MOs,
pre_18464_00168,BST,
17545_00006,CP,
18869_00020,PSV,
236174_3447_x12562_y10626,CLA,
18465_00264,CP,
17300_5571_x27063_y39610,VISa,L5
18453_7813_x5799_y12199,ENTl,L2/3
18864_4429_x7945_y3080,SSs,L2/3
18455_00260,VPM,
18465_00057,LGd,
18458_00267,LGd,
18455_00182,CP,
18868_4739_x28536_y7468,SSp-bfd,L5
18453_3767_x22604_y5643,MOp,L2/3
18465_00140,LGd,
18465_00312,MG,
18465_00079,VPM,
18867_4336_x10280_y7972,SSp-m,L5
pre_18864_00424,MOp,
18464_00127,VPM,
182724_2670_x5615_y13225,MOs,
18457_00145,VPM,
18455_5898_x14920_y13352,VPLpc,
18464_00045,VPM,
18455_00146,VPM,
18458_00584,VPM,
18458_00450,MG,
18454_00092,CP,
17109_2401_x9954_y9122,AId,L6
18868_3488_x24952_y7321,MOp,L5
191807_2729_x3750_y9965,MOs,
18465_00083,VPM,
18463_00052,VPL,
17302_00040,LGd,
18864_1917_x3417_y12763,MOs,L2/3
18868_4883_x27078_y6285,SSp-bfd,L5
18868_4517_x31548_y11591,SSs,L5
18867_3469_x10058_y10954,MOp,L5
18864_5692_x8806_y3272,AUDd,L5
18453_3492_x29357_y9198,SSp-m,L4
18453_3021_x27493_y8943,MOp,L2/3
236174_3429_x12632_y10625,CLA,
18454_01122,VPM,
18454_01100,VPM,
18454_00101,SMT,
191812_5676_x8072_y26215,SSs,
18868_3507_x7704_y10476,SSp-m,L5
18457_00026,VPM,
236174_3729_x12692_y9419,CLA,
18464_00061,CP,
18465_00132,VPM,
pre_18864_00039,VISpm,
18458_00550,VPM,
236174_3970_x13439_y8678,CLA,
18454_00148,VPL,
236174_3229_x11884_y10380,AId,L6
pre_18465_00369,DG,
18454_01101,VPM,
17302_00002,CP,
17302_00025,MD,
18869_4727_x9851_y8415,RT,
18868_3627_x28035_y8749,SSp-m,L5
18454_01096,VPM,
18465_00081,VPM,
18464_00080,MG,
18867_4768_x26326_y6150,SSp-ul,L5
17545_00147,CP,
18454_01123,VPM,
18457_00053,VPM,
17545_00174,LGd,
17545_00067,CP,
pre_18864_00286,MOp,
18457_00029,VPM,
18465_00207,ACB,
236174_3729_x13645_y9551,CLA,
18458_00585,VM,
18457_00143,VPM,
17302_00091,CP,
18465_00159,CP,
18454_00170,MG,
18868_4803_x7002_y8311,SSp-n,L5
18453_6229_x34471_y10482,AUDv,
18453_4693_x33039_y11636,SSs,L2/3
18454_00093,CP,
18454_01006,VPL,
18465_00109,LGd,
18464_00046,VPM,
18455_00011,CP,
17545_00179,LGd,
18457_00041,CP,
pre_18458_00351,CA1,
17302_00118,LGd,
18464_00198,LP,
18457_00111,VM,
17302_00081,CP,
236174_7077_x14579_y30892,TEa,L6
18867_5665_x20882_y6561,RSPv,L5
17543_3828_x6023_y17044,SSp-ll,L4
18869_4036_x8032_y4635,SSp-ul,L5
18457_00103,CP,
182724_3887_x5901_y10339,SSp-ul,
18453_5941_x24629_y3152,VISam,L2/3
17302_00120,LGd,
18868_3547_x28065_y9077,SSp-m,L5
18458_00244,LGd,
17302_00123,CP,
18454_00146,VPM,
18454_00139,VPM,
18463_00067,VPM,
18457_00010,VPM,
18455_5730_x15780_y13638,VPM,
18454_01049,VPM,
17545_00082,MG,
pre_18864_00051,SSp-ul,
18864_5099_x6368_y29941,SSp-bfd,L2/3
18454_00167,VPL,
18453_4386_x31552_y9254,SSp-n,L4
18458_00445,VPM,
18465_00111,LGd,
17302_00013,CP,
18454_00163,VPL,
17543_3471_x12087_y3637,VISC,L5
17545_00071,VAL,
18455_00127,CM,
18465_00056,LGd,
18868_3875_x8707_y8341,SSp-m,L5
18453_2632_x11687_y8383,MOs,L2/3
18869_3659_x21701_y7032,SSp-m,L5
18463_00051,CP,
18458_00542,VPM,
18465_00261,VPM,
17302_00005,CP,
18465_00006,CP,
18867_3807_x9130_y11820,SSp-m,L5
18453_3350_x8925_y9653,SSp-m,L4
18465_00031,CP,
17302_00097,CP,
18869_4469_x21852_y5924,SSp-n,L5
18454_00095,CM,
17545_00136,CP,
18455_00210,VPM,
18465_00136,LGd,
18463_00075,CP,
18867_4605_x30309_y8068,SSp-n,L5
18465_00033,CP,
18454_00016,CP,
18457_00005,CP,
18869_5444_x13271_y3998,RSPv,L5
18868_3931_x26823_y7496,SSp-ul,L5
18462_00049,CP,
17302_00085,CP,
18458_00075,LD,
191801_4180_x7440_y5386,SSp-m,L2/3
18464_00128,VPM,
18454_00086,CP,
18457_00073,VPM,
18868_3009_x28076_y11485,MOp,L5
pre_18464_00163,CP,
18457_00123,VPL,
18465_00133,VPM,
17781_2491_x13559_y38398,GU,L6
18464_00196,LP,
17545_00053,CP,
17302_00036,MG,
18453_4711_x14090_y3943,SSp-ll,L2/3
17545_00122,CP,
17302_00099,CP,
17300_3426_x20339_y44872,SSs,L5
18455_00224,CP,
18465_00113,LGd,
18454_01119,VPM,
18454_00140,VPM,
191812_3915_x8011_y24180,SSp-m,
18455_00200,VPM,
18453_6746_x8555_y4741,VISl,L2/3
18869_4662_x10221_y8547,RT,
17545_00155,CP,
18462_00060,VPLpc,
18869_6854_x10735_y2978,VISp,L5
182724_5355_x5321_y20589,SSp-ll,L6
191807_5031_x5620_y23074,SSp-n,
17302_00102,CP,
17545_00143,CP,
18867_4533_x14227_y15937,CP,
18462_00019,VPM,
18453_5667_x25695_y3103,VISam,L2/3
18869_3701_x7703_y4993,SSp-m,L5
18869_4050_x21764_y6239,SSp-m,L5
18457_00062,VPM,
191807_5178_x5002_y23078,SSp-bfd,
18864_6821_x5144_y6844,VISp,L4
17302_00047,CP,
18464_00082,CP,
18454_00135,VPM,
18462_00007,CP,
18458_00578,VPM,
18454_00145,VPM,
18868_5686_x9887_y5415,SSp-bfd,L5
18455_00152,VPL,
18047_2622_x11862_y12983,MOs,L5
18454_00107,VPM,
18455_00048,VPM,
18453_4221_x16935_y5165,MOp,L2/3
18465_00054,DG,
18458_00281,VPM,
18869_3937_x5000_y8198,SSp-m,L5
18453_3704_x10450_y7387,SSp-m,L4
17109_2401_x9695_y9693,CLA,
18455_00199,VPM,
236174_3529_x13394_y26567,SSp-m,L6
18463_00062,MG,
191812_6084_x5026_y7787,SSp-bfd,
17781_5166_x11993_y10858,SSs,L6
18868_4706_x15828_y16760,RT,
18454_01043,VPM,
18453_3848_x19057_y7025,ACAv,L2/3
18869_4091_x4807_y8065,SSs,L5
18453_7146_x8788_y4552,VISp,L2/3
17786_00024,AON,
18454_00100,SMT,
18455_00121,VPM,
18463_00021,CP,
18465_00248,DG,
18462_00051,VPM,
18868_6757_x10353_y4324,VISp,L4
pre_18864_00147,SSp-bfd,
18465_00206,ACB,
18453_6748_x28152_y3578,VISp,L2/3
pre_18458_00374,DG,
18457_00019,VPM,
17545_00075,VPM,
18454_00165,VPM,
18868_3112_x27714_y10534,MOp,L5
18462_00042,VPL,
18457_00205,VPL,
17302_00003,CP,
191807_2469_x5431_y10056,AId,
18455_00138,VPM,
18464_00048,VPM,
18457_00017,VPM,
17781_00003,MOp,L6
18867_5082_x26232_y14941,RT,
18453_1643_x24077_y11694,MOs,L2/3
182725_2376_x10033_y10786,MOp,L5
18453_6500_x34303_y12884,TEa,L2/3
17109_2601_x9498_y8169,AId,L6
18869_7472_x16444_y11009,PRNr,
18869_5019_x5442_y5910,SSs,L5
18464_00086,CP,
18465_00117,LGd,
18462_00041,VPM,
18458_00549,VPL,
18454_01109,VPM,
182725_2390_x8944_y12077,MOs,L5
pre_18465_00268,CA1,
pre_18864_00073,SSp-bfd,
18457_00076,CP,
18454_01044,VPM,
17545_00073,CP,
18868_4464_x5477_y11004,SSs,L5
18457_00133,ACB,
18868_5531_x7356_y7030,SSp-bfd,L5
18453_6561_x9442_y3817,VISrl,L2/3
18458_00114,VPM,
18047_7769_x31046_y13195,ENTl,L5
18457_00152,VPM,
18869_3482_x7077_y5660,SSp-m,L5
18465_00234,VPM,
18455_00255,VPM,
17781_6202_x7633_y12296,SSp-bfd,L6
pre_18864_00036,MOp,
17545_00063,CP,
18464_00124,VPL,
18455_00240,CP,
18457_00097,VPL,
pre_18864_00048,VISam,
17302_00103,CP,
18457_00114,CP,
17545_00054,VPM,
182725_4160_x5717_y19181,MOp,L5
17302_00049,LGd,
236174_3829_x14826_y27255,GU,L6
18458_00083,LP,
182724_5410_x4393_y11075,SSp-ll,
18868_4192_x10967_y7007,SSp-ul,L5
18454_01074,VPM,
17787_00029,CP,
18463_00037,VPM,
18464_00169,CP,
18454_00018,CP,
18454_01032,VPM,
191807_5811_x3931_y20674,SSp-bfd,L6
18457_00089,VPM,
18458_00419,VPL,
18462_00016,VPM,
18454_01051,VPM,
18458_00185,PO,
18454_00130,MD,
18458_00376,AM,
17545_00154,VPL,
18455_00180,CP,
18454_00142,VPLpc,
18455_00258,VPM,
17300_5969_x27278_y20820,VISp,L5
18463_00040,VPM,
18864_6074_x3503_y13192,RSPd,L2/3
17109_6801_x7432_y4405,TEa,L6
18454_01105,VPM,
17781_6802_x8324_y14113,CA1,
18457_00082,CP,
18454_00162,VPM,
pre_18464_00103,CA1,
182725_3680_x13452_y7614,GU,L5
18458_00496,VPL,
18454_01126,VPM,
18461_4178_x16825_y2713,MOp,L2/3
18867_7583_x22567_y18119,PRNr,
17545_00145,CP,
17302_00065,LD,
236174_3829_x16301_y26647,CLA,
17545_00158,CP,
17781_4095_x17570_y12460,CLA,
18465_00047,LD,
18454_00169,VPL,
18457_00194,VPM,
17302_00098,CP,
18465_00058,VPM,
18867_3973_x31634_y12362,SSs,L5
18455_00032,CP,
18458_00069,LGd,
18867_4889_x28329_y6770,SSp-un,L5
18455_00124,PO,
18457_00112,VM,
pre_18864_00174,MOp,
18458_00468,VM,
17545_00111,CP,
18454_01022,LD,
18457_00159,VPM,
18869_4196_x21043_y5510,SSp-m,L5
17781_6028_x9772_y42888,SSs,L6
17302_00078,VPL,
18465_00050,CP,
18454_01079,VPM,
17543_3842_x7369_y3542,SSp-bfd,L2/3
18458_00612,LP,
17788_5767_x16636_y3662,RSPv,L2/3
18454_00004,CP,
18458_00273,VPM,
18869_4410_x8772_y3996,SSp-ul,L5
18462_00018,VPM,
18465_00091,VPM,
18864_5242_x9483_y31549,AUDd,L4
18457_00024,VPM,
17302_00075,CP,
18465_00155,CP,
18465_00015,CP,
pre_18455_00241,NDB,
18869_5802_x13547_y4406,RSPv,L5
17302_00079,MG,
18454_01081,VPM,
18465_00001,CP,
18868_2593_x15801_y13755,ORBvl,L5
18465_00285,BLA,
17545_00164,MG,
17302_00080,LGd,
17788_5059_x3960_y6601,SSp-n,
17545_00124,CP,
17545_00065,CP,
18455_00002,CP,
17781_2184_x15071_y19950,ORBl,L6
pre_18464_00086,CP,
17545_00050,CP,
17109_6401_x7989_y3767,AUDv,L6
18463_00031,VPM,
18458_00500,ACB,
18454_00128,LD,
18458_00268,VPM,
18452_3926_x14445_y21337,OT,
18867_6986_x31479_y5932,VISl,L5
18455_00205,VPL,
17300_5896_x24862_y27320,RSPv,L5
17302_00108,CP,
18869_00024,CP,
18454_00127,VPM,
17545_00003,VAL,
18868_5983_x17523_y5085,RSPv,L5
18465_00146,MG,
18457_00035,CP,
18454_01030,VPM,
18455_00043,LGd,
18457_00197,VPL,
17545_00130,CP,
18869_5237_x7485_y4162,SSp-bfd,L5
15257_2309_x13266_y25533,MOs,
18458_00101,LGd,
17302_00016,CP,
18458_00242,LGd,
182724_2526_x7529_y21792,MOs,
17302_00094,CP,
18457_00241,SGN,
18454_01027,VPM,
191812_3163_x6264_y21524,MOp,
17302_00045,CP,
18867_6452_x16339_y18318,BS,
18869_5123_x17555_y3609,RSPagl,L5
18869_5150_x8933_y7652,RT,
18867_4926_x25796_y14504,RT,
18465_00199,ACB,
pre_18864_00067,SSp-ul,
182724_2333_x7081_y21185,MOs,
pre_18864_00457,RSPagl,
18465_00044,CP,
18454_00105,VPM,
18464_00052,VPM,
18453_5318_x33682_y14092,VISC,L5
18869_7986_x18907_y11037,PSV,
17302_00048,LGd,
18458_00353,CP,
18457_00141,CP,
17302_00117,LGd,
18869_4722_x18329_y4110,SSp-ll,L5
18462_00031,VPM,
17545_00056,VPM,
236174_3229_x11951_y11316,CLA,
18864_3248_x2473_y15212,MOs,L2/3
18868_4041_x10632_y7193,SSp-ul,L5
18465_00029,CP,
18453_3579_x30397_y10103,SSp-m,L4
17302_00011,CP,
18457_00056,VPM,
18869_3701_x5589_y7633,SSp-m,L5
18868_5369_x19532_y5532,RSPv,L5
18047_00047,ORBm,L5
18453_5436_x32746_y12751,SSs,L6
18458_00306,VPM,
18455_00163,MD,
17545_00044,CP,
18454_01127,LGd,
17543_3705_x9619_y20864,SSp-m,L4
pre_18454_00376,CP,
18463_00057,LGd,
18462_00026,MG,
18452_5511_x26566_y3403,SSp-tr,L2/3
18454_01075,PO,
17545_00008,CP,
18864_2047_x3016_y12128,MOs,L2/3
18864_00029,SSs,
18458_00614,LP,
18454_00097,CM,
17545_00057,VPM,
18465_00003,CP,
18869_4550_x17965_y4177,SSp-ll,L5
18465_00300,MG,
18864_6139_x4843_y27122,VISp,L4
182724_2926_x5279_y13761,MOs,
18869_5108_x7688_y4065,SSp-bfd,L5
191812_5154_x9610_y25921,VISC,L5
18453_2713_x27713_y9899,MOp,L2/3
18867_6003_x18592_y6204,RSPv,L5
18868_2601_x23273_y17306,PIR,
17781_4874_x11466_y11924,SSp-bfd,L6
18454_01094,VPM,
17300_3514_x19676_y45282,SSs,L5
17545_00028,CP,
17545_00163,MG,
pre_18864_00026,MOp,
18864_5305_x7877_y31450,SSs,L2/3
18455_00154,VPM,
18457_00125,VPL,
18867_5083_x14145_y15212,RT,
18465_00045,CP,
18454_01053,VPM,
191812_2734_x6259_y10487,MOs,
17109_7001_x5738_y6470,VISl,L6
pre_18864_00065,SSp-ul,
pre_18864_00427,MOs,
17545_00169,VPM,
18461_3871_x7813_y3857,MOp,L2/3
18457_00077,CP,
191812_5586_x4875_y23378,SSp-bfd,
18455_5253_x25617_y13881,VPM,
18864_4380_x6371_y4940,SSp-n,L4
18454_01023,VPM,
18455_00165,MD,
18457_00048,VPM,
18454_01014,VPM,
18454_00058,RE,
18869_4345_x7097_y4738,SSp-n,L5
18455_00123,PO,
18465_00242,VPL,
18465_00007,CP,
18868_3715_x8453_y8977,SSp-m,L5
18458_00264,LGd,
18864_6956_x8154_y30811,VISpor,L2/3
pre_18864_00426,MOs,
18457_00117,VPL,
17545_00078,VPM,
18454_00069,MG,
18867_4801_x7068_y12938,SSs,L5
15257_4500_x16614_y17147,MOs,
18462_00020,VPM,
18867_5486_x20836_y5690,RSPv,L5
18463_00028,VPM,
18453_5995_x24812_y3143,VISam,L2/3
pre_18864_00059,MOp,
18464_00079,MG,
18869_4001_x4383_y7249,SSs,L2/3
18455_00042,LGd,
pre_18864_00114,SSp-m,
18465_00233,VPL,
pre_18864_00069,MOp,
18465_00154,CP,
18453_3935_x22928_y21885,OT,
236174_3829_x13590_y9284,CLA,
191812_4067_x7961_y6860,SSp-m,L5
pre_18465_00267,ProS,
15257_4149_x16164_y21238,ACAd,
18455_00013,CP,
18454_00154,VPM,
18457_00013,VPM,
18869_4953_x22613_y6076,SSp-n,L5
pre_18458_00357,DG,
18457_00027,VPM,
17302_00053,VPM,
18867_4826_x11914_y16564,CP,
18457_00136,VM,
17543_5296_x5131_y20385,VISal,L5
18864_3494_x2380_y13749,MOp,L2/3
17545_00068,CP,
191807_5199_x3288_y11643,MOp,
18864_00057,ORBm,
18463_00027,VPM,
18864_5030_x9347_y31359,SSs,L2/3
182724_4327_x4847_y18972,MOp,
pre_18864_00079,SSp-bfd,
18454_01113,VPM,
18454_01097,VPM,
18464_00108,CP,
pre_18864_00111,SSp-n,
18869_4302_x23433_y9053,SSs,L5
17545_00094,LGd,
18864_00015,SSp-bfd,
18457_00061,VPM,
18454_00073,VPLpc,
18453_5841_x19468_y3419,RSPv,L2/3
182725_2917_x9391_y22263,AId,L5
17545_00177,PVT,
18867_4984_x30860_y8156,SSp-n,L5
18454_01067,VPM,
18455_00106,CP,
18455_5507_x14812_y14221,VPM,
18868_6019_x9541_y5296,VISrl,L5
18869_3239_x6605_y6691,SSp-m,L5
18464_00119,VPM,
18457_00113,CP,
17302_00077,MG,
191807_5921_x4355_y21421,SSp-bfd,L6
18454_00126,LP,
pre_18868_00443,MOp,
18868_3228_x28576_y10788,SSp-m,L5
18462_00063,VAL,
18455_00133,SMT,
18465_00152,MG,
18462_00044,VPM,
18454_00171,MG,
18455_00041,CP,
18869_4414_x15653_y4273,MOs,L5
18458_00577,VPM,
18864_4693_x10912_y2095,SSs,L4
18465_00126,VPM,
18463_00056,VPL,
18867_4392_x7633_y13301,SSs,L5
18457_00128,VPM,
18462_00024,LGd,
17545_00081,MG,
18454_00098,IAD,
182725_7341_x4593_y22594,VISli,L5
pre_18866_00139,DG,
18465_00110,LGd,
pre_18458_00367,DG,
18465_00227,VPM,
18869_4268_x10899_y9077,RT,
18465_00116,LGd,
18867_4330_x29413_y7746,SSp-m,L5
18458_00150,LP,
18464_00085,CP,
17545_00165,MG,
17109_2301_x8535_y23051,AId,L6
182724_5793_x8695_y5510,AUDv,
18457_00139,CP,
18869_5705_x4706_y6107,AUDv,L5
pre_18864_00082,SSp-m,
17302_00010,CP,
17545_00172,VPM,
18453_6537_x8725_y4484,VISal,L2/3
18454_01038,VPL,
pre_18864_00016,SSp-ul,
18868_3856_x26025_y7205,SSp-ul,L5
18465_00245,VM,
17545_00121,CP,
17109_6201_x4328_y6753,VISp,L6
17302_00009,CP,
18463_00038,VPM,
18458_00615,LD,
18867_4831_x27808_y6496,SSp-ul,L5
191812_5411_x6011_y24641,SSp-bfd,
17545_00055,VPM,
18457_00052,VPM,
18455_00018,LGd,
17109_2601_x9296_y24691,CLA,
17545_00084,VPMpc,
18453_3841_x9500_y7920,SSp-m,L4
18465_00037,CP,
18458_00241,LGd,
18457_00090,VPM,
18454_01015,VPM,
18457_00033,CP,
18465_00070,LGd,
17545_00119,CP,
18868_6196_x17668_y4955,RSPv,L5
18867_7584_x10560_y5816,VISp,L5
17545_00001,CP,
pre_18458_00348,CA1,
182724_4580_x5627_y9427,SSp-un,
17545_00093,LGd,
236174_3229_x12413_y11831,CLA,
17781_6262_x6896_y13574,SSp-bfd,L6
18867_4554_x26130_y14869,CP,
17109_6401_x7641_y3978,AUDv,L6
18462_00055,VPM,
18869_4883_x18883_y4120,SSp-ll,L5
pre_18864_00108,SSp-n,
18864_5444_x7352_y31475,SSs,L2/3
18454_00075,VAL,
17787_00049,CP,
18453_4540_x32498_y9442,SSp-n,L2/3
18457_00199,MG,
18455_00004,CP,
18465_00168,CP,
18455_00132,SMT,
17302_00043,CP,
18047_5719_x25513_y7957,SSp-un,L5
18455_00203,VPM,
18454_00138,VPM,
18464_00129,VPM,
pre_18465_00367,DG,
18454_00039,CP,
18868_5724_x8616_y5999,SSp-bfd,L5
18464_00047,VPM,
18454_01073,VPM,
191812_3801_x5383_y20989,MOp,
17545_00142,VPLpc,
18047_4141_x14168_y9063,MOs,L5
18453_5325_x32314_y8395,SSs,L4
18457_00121,MG,
17545_00058,VPM,
17109_4764_x6621_y5727,SSs,L6
pre_18464_00180,OT,
18455_00259,VPM,
236174_3529_x12805_y10541,CLA,
18458_00053,LGd,
17787_00026,CP,
18867_3994_x27846_y7437,SSp-ul,L5
18453_4899_x10111_y5917,SSp-bfd,L4
18454_01125,VPM,
18457_00065,VPM,
18453_3516_x21006_y6048,MOs,L2/3
18454_00048,VPM,
18867_4216_x9933_y8365,SSp-m,L5
18452_4536_x11274_y21067,OT,
18465_00309,CEA,
17782_3672_x34784_y19432,CLA,
18454_00074,MD,
17543_3308_x10077_y3766,SSs,L4
18462_00022,MG,
17545_00085,VPMpc,
18464_00029,MG,
18463_00032,MG,
18458_00051,LGd,
18867_3855_x11412_y8044,SSp-m,L5
17302_00027,CP,
17545_00146,CP,
18452_4272_x26686_y20064,PIR,
18453_3225_x17398_y19713,OT,
18455_00037,CP,
18868_4549_x5910_y9879,SSp-m,L5
18455_00135,CP,
18864_2086_x2903_y21496,MOs,L2/3
18864_00119,VISp,
18869_4693_x19236_y9148,RT,
18455_00158,VPMpc,
18867_5654_x12080_y5724,SSp-un,L5
18462_00048,CP,
18454_00062,MG,
18457_00083,VPM,
18455_5517_x15391_y12702,PO,
18462_00005,CP,
18462_00061,VPM,
18454_01092,MG,
17545_00045,CP,
18454_00050,MD,
236174_5738_x11712_y6818,VISC,L6
17302_00106,CP,
18864_3772_x5344_y6871,SSp-m,L4
18458_00102,LGd,
17302_00105,CP,
pre_18864_00044,SSp-m,
18453_3810_x16082_y20891,OT,
18464_00049,VPM,
18869_3634_x5750_y7170,SSp-m,L5
18869_4520_x23555_y8194,SSs,L5
18867_5942_x29015_y5711,SSp-bfd,L5
191807_4821_x3698_y18726,SSp-ll,
18454_01072,VPM,
18457_00037,CP,
18457_00068,VPM,
18868_3453_x28753_y10380,SSp-m,L5
18454_00137,VPM,
17302_00014,CP,
18453_6477_x30376_y5078,VISp,L4
17302_00064,LD,
18457_00012,VPM,
18458_00548,VPM,
17302_00112,VPM,
191812_3758_x8791_y24162,SSs,
18454_01106,VPM,
18453_7132_x31679_y7308,VISli,L2/3
18869_3751_x5868_y6832,SSp-m,L5
18867_4513_x27588_y6824,SSp-ul,L5
18455_00022,VPM,
pre_18465_00366,CA3,
18463_00074,CP,
pre_18465_00102,DG,
18465_00028,CP,
18864_3015_x3194_y23588,MOp,L2/3
18464_00194,LP,
17543_5334_x5066_y20381,VISal,L5
18455_00033,CP,
18455_00049,VPM,
18453_2884_x12998_y7285,MOs,L2/3
17545_00092,LGd,
18867_6468_x21532_y7741,SUB,
18869_5482_x15126_y4142,RSPv,L5
18869_4282_x22276_y6457,SSp-n,L5
191807_5062_x6404_y23808,SSs,
18457_00066,VPM,
18454_01035,VPM,
18464_00143,VPM,
17545_00180,RE,
18868_5965_x17541_y6435,RSPv,L5
18457_00018,VPM,
18457_00080,CP,
18457_00162,VPM,
17302_00062,CP,
18869_4787_x8961_y9647,RT,
18867_6007_x18415_y4843,RSPv,L5
18454_00071,VPM,
18452_7249_x11408_y2071,VISp,L2/3
17545_00159,CP,
18462_00035,CP,
18463_00066,VPM,
18047_3132_x24052_y12385,MOs,L5
18458_00277,VPM,
17545_00175,SMT,
18455_4709_x21225_y13716,IAD,
18458_00057,LGd,
18453_3471_x28224_y8289,SSp-ul,L4
18465_00030,CP,
pre_18864_00414,MOs,
18454_00166,VPL,
17302_00006,CP,
18457_00164,VPL,
18453_1674_x14446_y9719,FRP,L2/3
182724_4785_x5002_y11122,SSp-ll,
18453_4231_x30739_y8470,SSp-n,L4
18465_00229,VPM,
18463_00024,CP,
pre_18864_00460,SSp-tr,
18455_00254,VPM,
18869_4419_x16667_y10498,RT,L2/3
18464_00184,VPM,
18453_5766_x31719_y6139,SSs,L2/3
18455_00220,CP,
18458_00125,VPM,
18458_00551,VPM,
236174_6338_x12092_y5845,ECT,L6
18462_00015,VPM,
191812_3762_x9097_y24261,SSs,
18869_00025,RT,
18457_00064,VPM,
18458_00586,VPL,
18457_00110,VM,
18868_7311_x22238_y17329,TRN,
18453_5033_x32118_y8975,SSs,L4
18465_00040,CP,
18868_2924_x10668_y9719,MOp,L5
18458_00269,VPM,
18868_3977_x25824_y7160,SSp-ul,L5
18457_00059,VPM,
18454_01108,VPM,
18463_00071,VPL,
18869_3547_x21769_y7449,SSp-m,L5
18464_00132,VPLpc,
17781_00001,EPd,
18465_00238,VPL,
18457_00146,VPM,
17781_3819_x16144_y41186,SSs,L6
18869_4837_x18229_y3163,SSp-tr,L2/3
17781_3668_x9453_y17266,SSp,L6
17545_00178,RE,
18455_00256,VPM,
18868_3699_x17279_y16010,LSv,
pre_18458_00360,DG,
pre_18864_00180,AUDd,
18868_2225_x15897_y10006,ORBvl,L5
18465_00084,VPM,
191812_4775_x5212_y22490,SSp-un,
15257_2627_x17126_y20600,ACAd,
18454_01085,VPM,
18869_5024_x5544_y5480,SSs,L5
191803_8254_x7045_y21580,PAR,
18454_01104,VPM,
18457_00058,VPM,
191812_6351_x5009_y7424,SSp-bfd,
17545_00066,CP,
18455_5404_x24949_y14106,VPM,
18864_00117,VISl,
18869_7121_x17742_y2862,RSPagl,L5
18457_00209,MD,
18453_1924_x22284_y8069,MOs,L2/3
18465_00009,CP,
236174_3929_x13599_y9165,CLA,
18869_3761_x5335_y8118,SSs,L5
18453_7304_x11719_y3749,VISp,L4
17109_3101_x10824_y7188,CLA,
18465_00148,LGd,
18462_00029,VPLpc,
18864_4267_x2794_y21031,MOs,L2/3
18864_3473_x2641_y21082,MOp,L2/3
18455_00261,VPM,
18463_00018,LGd,
18453_3945_x11262_y6434,SSp-ul,L2/3
18454_01034,VPM,
191812_3438_x6058_y10197,MOp,
18463_00072,MG,
18458_00547,VPM,
18454_01042,VPM,
18453_4345_x12044_y5189,SSp-ul,L2/3
18455_00125,VPL,
18869_4571_x10055_y8359,RT,
18458_00460,VPM,
18869_3263_x6927_y6229,SSp-m,L5
18867_3926_x8710_y12751,SSs,L5
236174_4129_x16214_y10304,FS,
18454_01005,VPM,
18869_4347_x8166_y4281,SSp-ul,L5
18461_4410_x23856_y6531,SSs,L2/3
18869_5286_x15761_y3297,RSPv,L5
17109_4772_x9038_y27257,SSs,L6
18454_00133,VPM,
18453_6675_x8876_y4461,VISal,L2/3
18458_00461,VPM,
18457_00120,VPL,
18868_5141_x8535_y6876,SSp-bfd,L5
18463_00015,LGd,
18868_4221_x5685_y12199,SSs,L5
18462_00057,VPM,
18463_00019,CP,
17545_00132,CP,
18867_4789_x23709_y15765,RT,
18869_5418_x23277_y4971,SSp-bfd,L4
182724_5651_x9832_y25682,VISC,
18453_7024_x9012_y4138,VISp,L2/3
17109_2401_x8977_y24184,MOp,L6
pre_18458_00373,DG,
18869_5431_x21494_y4633,SSp-bfd,L5
182724_5937_x3804_y11955,VISa,
18864_5637_x5637_y31619,VISp,L2/3
18864_00026,AId,
18462_00027,VPL,
18457_00190,VPM,
18457_00046,VPM,
18458_00375,AM,
18454_01033,VPL,
18867_5640_x21236_y5683,RSPv,L5
18464_00163,CP,
18455_00050,MG,
236174_4029_x13079_y8858,CLA,
17545_00024,CP,
18454_00057,RE,
18867_6091_x30186_y6043,SSp-bfd,L5
18868_4693_x13797_y16937,RT,
18869_4426_x7611_y4421,SSp-un,L5
18457_00015,CP,
182725_4390_x5078_y18459,SSp-ll,L5
191812_4003_x5886_y22658,SSp-m,
pre_18465_00371,DG,
18457_00009,LD,
18452_4002_x10332_y17479,EPd,
pre_18469_00001,SSp-ll,
18464_00139,VM,
191812_3727_x4996_y18685,MOs,
17302_00095,CP,
182724_2494_x6419_y20983,MOs,
18465_00092,VPM,
18454_01117,VPM,
18454_00056,RE,
18454_00168,VPL,
17302_00033,CP,
18458_00564,VPM,
236174_5840_x15240_y29741,TEa,L6
17302_00038,MG,
18462_00032,VPMpc,
18457_00163,VPM,
18868_3658_x9598_y8113,MOp,L5
18457_00119,VPM,
pre_18864_00012,SSp-ul,
17545_00089,LP,
17787_00048,CP,
18869_3741_x6284_y6163,SSp-m,L5
15257_4485_x16442_y16836,MOp,
18453_3678_x8938_y8684,SSp-m,L4
18462_00021,VPM,
18864_4157_x3358_y13741,MOp,L2/3
18465_00282,CP,
17787_00007,CP,
191812_5158_x9017_y25877,SSs,
18868_3871_x26350_y7564,SSp-ul,L5
18454_01069,VPM,
18465_00286,VPM,
18465_00258,SMT,
18465_00142,VPM,
18453_4067_x16924_y5288,MOp,L2/3
17302_00023,AM,
17302_00096,CP,
18457_00039,CP,
236174_6438_x12218_y5897,ECT,L6
18457_00049,VPM,
18454_00164,VPM,
18868_4648_x14941_y16268,RT,
18470_3582_x22459_y29708,MOs,L5
18458_00562,VPL,
18869_4184_x11041_y4195,MOp,L5
pre_18047_00009,MOp,
18454_00096,MD,
18453_6040_x24821_y3042,VISam,L2/3
18869_6291_x15236_y3478,RSPv,L5
18455_00253,VPM,
18454_01018,VPM,
18465_00328,VPL,
18454_00055,RE,
17302_00001,CP,
18465_00213,SI,
18453_1641_x24165_y10580,MOs,L2/3
pre_18454_00450,CP,
18454_01133,VPL,
17781_6627_x22762_y14486,TR,
18869_5684_x13521_y3699,RSPv,L5
18455_3718_x10944_y12140,CP,
pre_18864_00025,MOs,
18455_00201,VPM,
17781_6355_x6443_y33777,CA1,
18458_00077,LD,
17302_00121,LGd,
18454_00151,VPLpc,
18454_01063,VPM,
18867_5203_x10027_y7237,SSp-bfd,L5
18047_4458_x18853_y10785,ACAv,L5
18463_00046,SMT,
236174_2801_x11376_y11451,AId,L6
18465_00177,VPL,
18463_00013,VPM,
18869_4054_x19963_y5080,SSp-un,L5
pre_18467_00342,AAA,
18457_00002,CP,
18454_00150,MG,
18462_00009,CP,
18454_00176,SMT,
18461_4862_x17603_y2198,SSp-ll,L2/3
pre_18464_00087,CP,
18458_00565,VPL,
18454_01114,VPM,
18869_5553_x7275_y3994,SSp-bfd,L5
18457_00102,VPL,
18457_00203,VPL,
18864_4420_x4377_y8261,SSp-ul,L4
18458_00424,VPM,
18453_6576_x22528_y4353,RSPv,L2/3
18867_7390_x9887_y4961,VISp,L2/3
18463_00042,RE,
18454_01040,VPM,
17787_00013,CP,
pre_18465_00368,DG,
18864_2520_x2913_y22642,MOs,L2/3
18458_00302,LGd,
18864_4120_x3320_y13563,MOp,L2/3
18458_00437,VPL,
pre_18469_00002,SSp-ul,
17545_00025,CP,
18463_00001,LGd,
17109_1801_x6698_y12550,AId,L6
18455_00148,VPM,
18465_00017,CP,
15257_4397_x16794_y21812,MOp,
pre_18864_00081,MOs,
17302_00114,VPM,
pre_18467_00495,TR,
18868_5156_x9540_y6495,SSp-bfd,L5
18455_00204,VPM,
18463_00069,VPM,
182725_2241_x9113_y11193,MOs,L5
18458_00492,VPL,
18465_00291,VPLpc,
18455_00120,VPL,
18465_00041,CP,
18465_00119,LGd,
18869_00028,RT,
18465_00319,CP,
18867_5867_x21009_y6208,RSPv,L5
15257_2226_x16029_y23953,MOs,
18868_3389_x28317_y9872,SSp-m,L5
18454_01060,VPM,
18868_4434_x10947_y6887,SSp-ul,L5
18464_00031,LGd,
18869_4511_x11720_y4070,MOp,L5
191807_3532_x4912_y7973,MOp,
18868_2559_x15436_y13207,ORBvl,L5
18457_00140,CP,
18454_00155,VPM,
18453_6053_x8032_y5933,VISrl,L4
pre_18464_00169,BST,
17302_00076,MG,
18457_00081,AON,
18465_00078,VPM,
18454_01064,VPM,
18454_01066,VPM,
pre_18864_00003,MOs,
18457_00204,VPM,
191801_4724_x4226_y10240,MOp,L2/3
18458_00119,VPM,
18457_00004,CP,
18455_00122,VPM,
18458_00351,CP,
18867_4473_x25161_y6054,SSp-ll,L5
18455_00150,VPM,
18457_00025,VPM,
18867_4776_x28359_y6621,SSp-un,L5
18457_00188,VM,
18462_00045,VPM,
17786_00001,AON,
17545_00023,CP,
18453_5862_x33046_y12305,AUDv,L6
18458_00575,VPM,
18867_3832_x10338_y8748,SSp-m,L5
191812_5219_x4127_y21100,SSp-ul,
18454_00029,CP,
18868_3932_x25373_y7132,SSp-ll,L5
18869_4457_x17404_y9449,RT,
17545_00060,CP,
pre_18864_00083,VISp,
18867_4957_x30093_y7560,SSp-n,L5
18454_00028,CP,
18457_00101,VPM,
18454_01118,VPM,
18455_00046,LGd,
18453_5343_x23330_y3366,RSPagl,L2/3
17545_00162,MG,
18465_00294,VPM,
pre_18864_00008,RSPd,
17545_00048,CP,
18454_01050,LGd,
17109_2301_x9418_y23665,AId,L6
18457_00044,CP,
18454_00014,CP,
18464_00075,VPM,
18454_01045,VPM,
18869_4384_x15799_y10704,RT,
18455_00172,CP,
191812_5221_x9028_y25900,SSs,
18463_00003,VPM,
18454_01107,VPM,
18868_3552_x28542_y9340,SSp-m,L5
18867_4296_x31171_y9797,SSp-m,L5
18465_00089,VPM,
18455_00047,VPM,
18454_01090,VPM,
17302_00021,VPL,
18454_00059,LGd,
18462_00040,VPM,
18453_7245_x12979_y2864,VISp,L2/3
17302_00015,CP,
18458_00555,VPM,
18465_00046,CP,
pre_17781_00066,AId,
18454_01011,VPM,
17545_00120,CP,
18465_00292,VPM,
182724_3848_x8903_y23965,SSp-m,
18864_6057_x8520_y2391,AUDp,L2/3
18465_00034,CP,
18457_00007,CP,
18454_01091,VPM,
18454_00064,VPM,
18868_3783_x28846_y9268,SSp-m,L5
18455_00044,LGd,
17782_3651_x35286_y18512,CLA,
18458_00458,MG,
17781_4710_x13766_y10574,SSs,L6
17545_00138,CP,
18869_4550_x7203_y4574,SSp-n,L5
pre_18864_00084,SSp-ll,
18869_4181_x21056_y5611,SSp-m,L5
18465_00052,CA1,
18463_00061,MG,
236174_3536_x15159_y25525,CLA,
17543_4926_x5833_y20277,SSp-bfd,
18869_4468_x23035_y7089,SSp-n,L5
18465_00241,VPM,
18463_00004,CP,
18869_7989_x9123_y9916,PSV,
18869_4587_x23021_y6827,SSs,L5
17302_00041,LGd,
18454_00017,CP,
18453_7007_x11486_y3611,VISp,L4
182724_4599_x8181_y6776,SSs,
17302_00054,VPM,
pre_18864_00163,SSs,
18454_00099,AM,
18455_00021,VPM,
pre_18864_00062,MOp,
18465_00243,VPM,
18454_01047,VPM,
236174_3029_x12820_y24699,MOp,L6
18465_00219,CP,
17545_00118,CP,
18458_00049,LGd,
18454_01080,VPM,
18455_00005,CP,
18458_00086,LGd,
18457_00069,MG,
18457_00030,CP,
18458_00580,VPM,
18461_4388_x5599_y5781,SSp-n,L4
17545_00110,VPM,
18869_4912_x19648_y8510,RT,
18864_00002,SSp-bfd,
18454_01041,VPM,
18453_2428_x13810_y8197,MOs,L4
18465_00283,EPd,
17545_00140,CP,
17302_00020,VPL,
18457_00074,MG,
18455_00208,VPM,
18463_00010,CP,
18869_3634_x20027_y5437,SSp-m,L5
18457_00109,VPM,
18867_4817_x16327_y15739,RT,
18868_4634_x13823_y16687,RT,
pre_18864_00432,MOp,
18458_00561,VPM,
18465_00141,LGd,
18454_01095,VPM,
18457_00072,VPM,
18465_00230,VPM,
18462_00054,LGd,
18453_7010_x8769_y4509,VISp,L2/3
18454_00157,VPM,
17302_00046,CP,
191812_3140_x5204_y12992,MOs,
pre_18864_00153,MOp,
18457_00122,VPL,
18867_4052_x9852_y8712,SSp-m,L5
18465_00127,VPM,
18868_3564_x27379_y8431,SSp-ul,L5
18455_00136,VPM,
18453_4283_x7543_y12923,VISC,L6
18458_00280,VPM,
18465_00305,VPL,
pre_18464_00138,CA1,
18457_00034,CP,
18458_00236,LGd,
pre_18864_00043,MOp,
17302_00035,MG,
18867_4647_x12409_y6656,SSp-ul,L5
18869_5343_x5414_y5337,SSs,L5
17781_6881_x22248_y12698,TR,
18867_5408_x30554_y7318,SSp-bfd,L5
18455_00147,VPM,
17782_3253_x33739_y18314,AId,L6
17781_6325_x14423_y8278,TEa,L6
18867_3525_x9958_y10743,SSp-m,L5
18869_4890_x8926_y9583,RT,
18465_00156,CP,
18457_00023,VPM,
18457_00099,VPL,
18454_01111,VPM,
17787_00050,CP,
17109_3701_x9228_y26684,SSs,L6
18465_00145,MG,
17302_00032,CP,
18464_00010,CP,
18869_4841_x18666_y8144,RT,
18454_00131,VPM,
18455_00262,VPM,
17109_1901_x9602_y10508,AId,L6
18457_00063,VPM,
182725_2581_x9375_y21137,AIv,L5
18453_3326_x29413_y10076,SSp-m,L4
18453_2190_x23739_y8507,MOs,L2/3
18462_00038,CP,
18867_4677_x24410_y14710,RT,
191812_3675_x8625_y6930,SSp-m,
18864_00313,SSs,
18455_00206,VPM,
18457_00043,CP,
18454_00060,VPM,
18457_00055,VPM,
18869_4786_x18238_y10268,RT,
17302_00007,CP,
18454_01130,VPL,
18455_00017,LGd,
pre_18464_00182,OT,
18464_00153,CP,
18463_00012,VPM,
17545_00052,CP,
18458_00502,OT,
17787_00014,CP,
18453_6675_x10576_y3102,VISp,L2/3
pre_18864_00042,RSPagl,
18457_00036,CP,
18867_4621_x24147_y14734,RT,
18465_00313,LD,
18464_00155,CP,
17543_4868_x6727_y21047,SSs,
17782_3284_x11909_y16428,CLA,
18465_00281,CP,
18458_00456,VPL,
18455_00028,CP,
18864_6734_x4899_y27447,VISp,L4
18465_00288,VPM,
18455_00263,VPM,
18463_00005,CP,
pre_18864_00411,MOs,
18454_01099,VPM,
18453_5578_x32997_y13060,AUDv,L6a
17302_00115,VPM,
pre_18864_00413,MOs,
18869_6241_x19347_y3562,VISp,
236174_3729_x15151_y26698,AId,L6
17545_00168,VPM,
pre_182712_00004,OT,
18869_5980_x7654_y3517,SSp-bfd,L5
18465_00125,VPM,
18465_00115,LGd,
182725_4080_x6576_y11407,MOp,L5
182725_4290_x5671_y18488,MOp,L5
18464_00183,VPM,
pre_18464_00102,CA1,
18462_00056,VPM,
18454_01010,VPM,
18455_00012,CP,
18454_00161,VPM,
17302_00113,VPM,
18454_00027,CP,
17782_3352_x11384_y16404,MOp,L6
18457_00127,MG,
18868_2584_x14386_y13639,ORBl,L5
18454_01086,VPM,
18457_00095,VPM,
17302_00044,CP,
18457_00202,VPL,
18864_6581_x10729_y2199,TEa,L5
18457_00148,VPM,
18457_00116,SI,
18869_5941_x16325_y2938,RSPv,L5
18464_00122,VPL,
18464_00042,VPM,
18454_00141,VPLpc,
18453_7188_x11060_y3637,VISp,L4
18465_00226,VPL,
18457_00098,VPM,
18461_7132_x6338_y3287,VISrl,L4
18869_5033_x23046_y6158,SSp-n,L5
pre_18454_00377,AId,
18454_01110,VPM,
18465_00106,VPL,
18453_6708_x6437_y7833,AUDp,L4
18869_5126_x8617_y7685,RT,
pre_18464_00099,CA1,
18455_5474_x14981_y13279,VPM,
17302_00086,CP,
pre_18458_00369,DG,
18454_01031,VPM,
18453_5535_x29214_y5045,SSp-bfd,L4
18455_00020,VPM,
18463_00014,VPM,
18864_00114,VISrl,
18464_00074,VPM,
pre_18864_00098,VISp,
18454_00174,CP,
18457_00088,VPM,
17786_00022,AON,
18454_00066,VPM,
18454_01098,VPM,
191812_4322_x7645_y6848,SSp-n,L5
18465_00175,VPM,
17787_00019,CP,
18465_00203,ACB,
18458_00386,CP,
17302_00074,CP,
17545_00115,CP,
17781_5361_x17741_y11849,CP,
18465_00008,CP,
pre_18465_00373,DG,
18462_00062,VPM,
18457_00078,CP,
18868_5242_x9858_y5968,SSp-bfd,L5
18869_4997_x13063_y4444,RSPv,L5
18462_00050,CP,
191807_5629_x4661_y9410,SSp-un,L6
191807_4923_x7499_y24194,SSs,
17109_6601_x4384_y7436,VISal,L6
18864_00025,SSp-ul,
18869_3857_x22137_y7268,SSp-m,L5
17545_00091,LGd,
18864_6321_x4387_y7047,VISp,L2/3
18868_3626_x29809_y12585,SSs,L5
18453_5308_x10321_y5166,SSp-bfd,L4
18454_01052,VPM,
18458_00443,VPM,
pre_18866_00299,DG,
17109_6901_x7203_y26714,TEa,L6
18864_4760_x3070_y21249,MOp,L2/3
18464_00009,CP,
18454_01021,LGd,
18453_3564_x30226_y9677,SSp-m,L2/3
18453_5228_x9833_y5221,SSp-bfd,L2/3
17302_00052,MG,
18454_00136,VPM,
18868_4523_x15124_y15767,RT,
18454_01103,VPM,
191812_4664_x8027_y25176,SSs,L5
18454_00003,CP,
18462_00059,VPM,
18454_00134,VPM,
18868_4341_x30419_y10114,SSp-n,L5
18867_6985_x12525_y4095,VISp,L2/3
18454_00049,CP,
18462_00017,VPM,
18869_4453_x9586_y8809,RT,
18453_5113_x9557_y5782,SSp-bfd,L4
17302_00050,CP,
18465_00018,CP,
18454_00109,VPL,
18454_00046,VPM,
18455_00031,CP,
18465_00059,VPM,
18455_00045,LGd,
pre_18864_00088,VISp,
18454_00015,CP,
18455_00119,CP,
18462_00058,VPM,
17109_1701_x8048_y22277,AId,L6
17302_00017,CP,
18869_5694_x15073_y4098,RSPv,L5
18455_00139,VPM,
pre_18458_00356,DG,
18454_01004,VPL,
18463_00036,VPL,
18869_4599_x7153_y3640,SSp-bfd,L2/3
182724_4472_x5247_y12162,MOp,L6
236174_3929_x12721_y8845,AId,L6
17302_00018,CP,
18457_00087,CP,
18457_00047,VPM,
18463_00068,VPM,
17545_00170,LGd,
18869_4629_x8451_y4031,SSp-ul,L5
18869_5393_x8284_y3671,SSp-bfd,L5
18457_00206,VPL,
17787_7070_x12739_y1410,VISpm,L2/3
18453_4725_x30684_y6703,SSp-bfd,L2/3
191801_4228_x15043_y11097,OT,
18465_00036,CP,
18453_3796_x16246_y20830,OT,
18454_01131,RE,
18465_00114,LGd,
18457_00184,OT,
17787_4521_x5172_y12873,SSs,L5
17302_00110,CP,
17781_7281_x18241_y11406,SUB,
18455_00023,PO,
18454_01121,VPL,
18457_00079,CP,
18455_00007,CP,
18455_00159,VPM,
17545_00059,CP,
18465_00349,CP,
236174_3215_x11999_y11133,AId,L6
17109_2601_x10213_y8783,CLA,
18867_5287_x32054_y8614,SSp-n,L5
pre_18454_00579,CP,
17781_7132_x8998_y15272,SUB,
236174_3329_x13938_y26099,GU,L6
18470_3227_x19287_y16117,SSp-m,L5
18868_4317_x23980_y6346,SSp-ll,L5
18867_6085_x20833_y6331,RSPv,L5
18867_4397_x8352_y9768,SSp-m,L5
17545_00149,CP,
18457_00096,VPM,
pre_182712_00027,PAA,
17545_00113,CP,
18869_5317_x6063_y4638,SSp-bfd,L5
18454_00090,CLA,
18867_4689_x11723_y7039,SSp-ul,L5
18465_00035,CP,
18457_00108,CP,
17109_6301_x4756_y24516,VISrl,L6
18454_00002,CP,
182724_2238_x7096_y20268,MOs,
18453_4403_x30609_y7732,SSp-bfd,L4
18463_00007,CP,
18470_4630_x23468_y24795,RSPd,L5
18454_00072,VPM,
18869_6454_x17703_y2478,RSPagl,L2/3
18453_7692_x10145_y15241,ENTm,L2/3
18465_00228,VPL,
18457_00008,CP,
18458_00540,VPM,
17782_3138_x32805_y18352,AId,L6
pre_18864_00014,SSp-ul,
18463_00011,CP,
18453_2645_x28684_y11703,MOp,L2/3
18867_3758_x14594_y6944,MOp,L5
18453_6846_x11548_y2831,VISp,L2/3
18457_00054,VPM,
17302_00119,LGd,
pre_18864_00074,MOp,
18458_00616,SMT,
18463_00029,VPM,
17545_00125,CP,
18454_00153,VPM,
pre_18864_00420,ORBl,
18868_3419_x27168_y8481,MOp,L5
18465_00011,CP,
18867_7123_x11808_y5131,VISp,L5
18458_00374,VM,
18455_00153,VPL,
18463_00016,LGd,
18867_4302_x30805_y9233,SSp-m,L5
pre_18864_00021,VISpm,
18454_01112,VPM,
18463_00041,VPMpc,
18464_00197,LP,
18463_00058,VPM,
17781_5548_x15772_y8872,VISC,L6
18457_00106,CP,
pre_18465_00370,DG,
18869_4371_x21382_y5522,SSp-n,L5
17302_00030,CP,
18453_6316_x30559_y4743,VISrl,L2/3
18867_4593_x26568_y15120,CP,
18454_01039,VPM,
18455_00202,VPM,
18453_4283_x7739_y13735,VISC,L6
18457_00001,CP,
18458_00050,LGd,
17302_00101,CP,
17302_00037,VPM,
pre_18868_00465,MOp,
18457_00057,VPM,
17300_6010_x23413_y13446,VISal,L5
236174_6855_x15550_y29832,ECT,L6
pre_18469_00086,RSPd,
18462_00014,VPM,
17545_00166,MG,
182724_2525_x8483_y21088,AId,L5
pre_18864_00046,VISam,
18464_00141,CP,
18455_00015,VPM,
18867_4259_x9977_y8313,SSp-m,L5
191812_4686_x10891_y5452,VISC,
18457_00051,VPM,
18465_00090,VPM,
18454_00021,CP,
18869_3590_x6132_y6798,SSp-m,L5
18864_4554_x9386_y2232,SSs,L2/3
18864_3488_x3691_y22599,MOp,L4
18454_01132,VPL,
18867_7924_x22262_y16755,PRNr,
17302_00059,CP,
18454_00106,VPM,
18465_00053,CA1,
18464_00112,SI,
17302_00116,VPL,
18867_4202_x26848_y7080,SSp-ul,L5
18454_00051,VAL,
236174_4229_x13663_y8589,CLA,
18868_5701_x9538_y5736,SSp-bfd,L5
18867_2903_x13633_y8787,MOp,L5
18868_2621_x11765_y8944,MOs,L5
18869_3305_x6812_y6104,SSp-m,L5
182724_2247_x6785_y11803,MOs,
pre_18464_00159,EPd,
18867_4421_x31775_y9812,SSp-m,L5
18455_00026,CP,
17302_00055,CP,
191812_3176_x5144_y19229,MOs,
18454_01048,VPM,
18869_3504_x6554_y5961,SSp-m,L5
18869_6732_x9649_y3919,SUB,
pre_18864_00113,SSp-n,
18464_00102,VM,
18867_4824_x31628_y8902,SSp-n,L5
18868_4430_x9829_y7185,SSp-ul,L5
17545_00041,CP,
18454_00147,VPM,
18458_00122,VPM,
18465_00157,CP,
18864_6104_x9372_y1806,AUDp,L2/3
18457_00115,ACB,
18455_00252,VPM,
18462_00030,VPLpc,
18457_00126,VPM,
18463_00073,VPL,
236174_4266_x13848_y8550,AIp,L6
18458_00505,VM,
18465_00303,PoT,
18867_4874_x16831_y16618,RT,
18454_00111,CP,
17109_2201_x8046_y23301,MOs,L6
18864_1871_x3272_y21319,MOs,L2/3
17788_3709_x6000_y8213,SSp-m,L4
18864_6384_x3409_y13059,RSPd,L2/3
18462_00053,VPL,
18869_5692_x6534_y3440,SSp-bfd,L4
18458_00459,MG,
182724_2997_x5821_y12613,MOs,
18454_01059,VPM,
pre_182712_00003,OT,
191807_4114_x3589_y10280,MOp,
17545_00131,CP,
18864_6805_x6340_y4681,VISl,L2/3
18867_5169_x12576_y5864,SSp-ul,L5
18455_00145,VPM,
236174_4647_x16405_y27845,CLA,
18453_5459_x9646_y5477,SSp-bfd,L4
18453_2400_x15836_y7243,MOs,L2/3
17545_00029,CP,
18868_6405_x11428_y4397,VISpm,L5
18462_00013,VPM,
18867_6413_x20950_y6015,RSPv,L5
18864_00023,SSp-un,
18465_00209,OT,
18869_3398_x6248_y7047,SSp-m,L5
236174_3529_x13688_y26111,GU,L6
18869_5754_x7159_y3959,SSp-bfd,L5
191812_4446_x6677_y24393,SSp-n,
18458_00056,LGd,
18454_00129,VPM,
18454_01001,VPM,
17302_00056,CP,
18455_00140,VPM,
pre_18864_00027,SSp-ul,
17781_6228_x12697_y8412,AUDp,L6
18458_00488,CP,
18462_00028,VPM,
18864_00040,SSp-m,
236174_2669_x10674_y13239,AId,L6
17781_6626_x22318_y13682,TR,
236174_5138_x16501_y28259,CLA,
18463_00055,VPM,
191801_1996_x10466_y16907,AON,
18867_3801_x9223_y10977,SSp-m,L5
18462_00043,CP,
18453_4496_x31014_y8304,SSp-n,L4
18867_5194_x29530_y6807,SSp-bfd,L5
18869_3064_x20999_y7621,SSp-m,L5
18864_6733_x9057_y31875,AUDp,L2/3
18457_00014,CP,
18868_3592_x9776_y8113,MOp,L5
17545_00074,CP,
236174_4429_x13147_y8003,CLA,
18457_00118,VPM,
18465_00235,VPL,
18864_00043,SSs,
pre_18866_01458,DG,
18458_00121,VPM,
18464_00191,LP,
18463_00034,VPL,
18867_4922_x30354_y7405,SSp-bfd,L5
18455_00014,CP,
18869_4764_x5211_y5995,SSs,L5
18867_7790_x21511_y18480,TRN,
18864_4797_x9453_y2359,SSs,L2/3
18869_4848_x18620_y8132,RT,
17781_5894_x11460_y10079,AUDp,L6
18463_00054,VPM,
pre_18866_00186,DG,
pre_18864_00060,SSp-bfd,
17302_00093,CP,
18455_00126,PVT,
18869_3480_x6168_y6983,SSp-m,L5
17781_6866_x8954_y41812,VISl,L6
18869_4253_x4991_y7023,SSs,L5
18455_5316_x26308_y13288,VPM,
18453_7223_x30215_y5120,VISp,L2/3
18461_5025_x23630_y4542,SSp-bfd,L2/3
18454_00152,VPM,
18463_00045,VPL,
18453_2991_x13607_y7348,MOs,L2/3
18463_00020,CP,
236174_4729_x16869_y27809,EPd,
18457_00031,CP,
18458_00250,LGd,
18464_00088,CP,
18868_3853_x29683_y10294,SSp-m,L5
17782_3487_x11014_y17041,CLA,
17545_00144,CP,
pre_18467_00104,AUDp,
17109_6601_x5417_y25287,VISal,L6
18868_6000_x19811_y5444,RSPv,L5
18867_4457_x7592_y10554,SSp-m,L5
18454_00158,VPM,
18453_7455_x32866_y9412,VISpor,L2/3
18454_01007,VPL,
17545_00007,CP,
18869_4026_x21667_y6102,SSp-m,L5
18457_00045,VPM,
236174_3001_x12887_y24248,AId,L6
18454_00063,MG,
17109_4101_x6753_y6197,SSs,L6
18462_00012,VPM,
18867_7541_x13210_y4462,VISp,L5
18452_4126_x15225_y20986,OT,
18453_7132_x11495_y3152,VISp,L2/3
18457_00028,VPM,
18453_3766_x16118_y20931,OT,
18464_00016,CP,
18455_00134,RE,
18868_4818_x14513_y17030,RT,
17109_6501_x6997_y4287,AUDpo,L6
18457_00170,ACB,
18868_4757_x15158_y16995,RT,
18455_5472_x13482_y11733,VPM,
18455_4619_x10185_y12182,CP,
18454_01116,VPM,
18454_00177,SMT,
18453_3795_x13584_y5960,MOp,L2/3
18453_4186_x30783_y11697,SSs,L6
18454_01055,VPM,
18869_4625_x5853_y5391,SSp-n,L5
18458_00249,LGd,
18463_00047,SMT,
18869_5571_x8792_y4549,CA3,
18453_6604_x9161_y4006,VISrl,L2/3
18463_00039,VPM,
17787_4690_x4440_y9176,SSs,L2/3
18867_8235_x25208_y14610,PB,
18453_3690_x8282_y9898,SSp-m,L4
pre_18864_00225,VISC,
18454_00067,VPM,
18868_4047_x27203_y7787,SSp-ul,L5
18458_00444,VPM,
18868_3799_x26336_y7466,SSp-ul,L5
18465_00302,MG,
18867_4218_x8269_y11914,SSs,L5
236174_6338_x12496_y6617,ECT,L6
18454_00024,CP,
18465_00347,VPL,
18461_3220_x7596_y9465,AIv,L2/3
18464_00193,LP,
18462_00052,VPM,
17781_6287_x8230_y11645,SSs,L6
18867_4954_x9860_y7599,SSp-bfd,L5
18464_00081,CP,
18454_01000,VPL,
236174_5338_x13590_y7348,AIp,L6
18454_00010,CP,
18454_00065,PO,
18465_00082,VPM,
pre_18454_00865,CP,
17302_00066,LGd,
18453_7112_x9089_y4667,VISp,L4
18867_6014_x17935_y4434,RSPd,L5
17302_00024,PVT,
18454_00054,SMT,
17109_2500_x9864_y9311,CLA,
18454_01078,CP,
182725_5012_x5980_y10427,SSp-ll,L5
17545_00064,CP,
18461_4233_x19011_y2874,MOp,L2/3
18454_01061,VPM,
18868_5456_x7773_y6771,SSp-bfd,L5
18453_5317_x24548_y3717,SSp-tr,L4
17545_00027,CP,
18864_6291_x8873_y32149,AUDp,L2/3
18869_3395_x6415_y6741,SSp-m,L5
18454_01054,VPM,
18457_00040,CP,
18867_4724_x12558_y16835,CP,
18453_3456_x24161_y6646,MOp,L2/3
18455_00264,VPM,
18455_00110,CP,
18455_00036,CP,
18453_3316_x8214_y11076,SSp-m,L4
18457_00150,VPM,
18454_00011,CP,
18867_5319_x14289_y4114,MOp,L2/3
17545_00030,CP,
18455_00016,CP,
17545_00040,CP,
17302_00031,CP,
pre_18464_00077,CP,
17109_7001_x6205_y5194,TEa,L6
18864_5648_x4839_y28849,SSp-bfd,L2/3
18869_4275_x8819_y9368,CP,
18868_5397_x19819_y6085,RSPv,L5
236174_3893_x17507_y26071,EPd,
18455_00008,CP,
18465_00304,VPM,
18465_00161,EPd,
18869_4301_x16815_y4413,MOp,L5
17109_2401_x9338_y2394,AId,L6
18868_5131_x7596_y7239,SSp-bfd,L5
18458_00583,VPL,
18457_00075,MG,
18465_00080,VPM,
18464_00076,VPM,
18454_00159,VPM,
18464_00004,CP,
18461_4545_x5749_y4914,SSp-m,L2/3
18454_00156,VPLpc,
18458_00148,LP,
17302_00057,CP,
18457_00038,CP,
18869_3506_x6250_y6810,SSp-m,L5
18454_00061,VPM,
18454_01115,VPM,
17545_00046,CP,
18454_00022,CP,
18868_5723_x7031_y7203,SSs,L5
17543_2434_x11441_y5587,SSp-m,L4
18457_00091,VPM,
18867_5894_x10157_y6463,SSp-bfd,L5
18461_6043_x11080_y1667,VISa,L2/3
18453_7309_x5442_y9199,TEa,L2/3
pre_18454_00305,CP,
18864_00021,SSp-ul,
18867_6408_x9343_y6158,SSp-bfd,L5
18465_00348,VPL,
18465_00005,CP,
18455_4982_x21552_y14337,AM,
18454_00080,CP,
17545_00173,LGd,
17545_00126,CP,
191812_3922_x8455_y6768,SSp-m,
pre_18864_00247,MOp,
18454_00132,VPMpc,
191801_3966_x14363_y10542,OT,
18454_01062,VPM,
18457_00003,CP,
18868_3781_x6715_y11703,SSp-m,L5
18465_00204,ACB,
17545_00129,CP,
18455_00144,VPM,
18454_01093,MG,
17302_00124,CP,
18453_6756_x7677_y5336,VISrl,L2/3
18453_4497_x29287_y7176,SSp-bfd,L4
18454_00149,MG,
182725_6819_x6109_y7853,VISp,L5
17781_00004,CLA,
18455_00143,VPM,
18867_4156_x9348_y9148,SSp-m,L5
17302_00039,LGd,
236174_2657_x11930_y12250,AId,L6
18869_7358_x8916_y4859,POST,
15257_3271_x15413_y13333,MOp,
17781_5655_x10641_y11102,SSs,L6
17545_00047,CP,
18453_6181_x10238_y3690,VISrl,L2/3
17545_00088,LGd,
18869_3321_x21485_y7678,SSp-m,L5
18454_00070,VPM,
18868_3799_x6462_y13405,GU,L5
191812_2978_x7903_y22705,MOp,
18457_00129,VPM,
18454_00009,CP,
18867_7172_x22280_y4802,RSPv,L5
18458_00541,VPM,
18454_01012,VPL,
18464_00044,VPM,
18461_2985_x10744_y3095,MOs,L2/3
18465_00032,CP,
18454_00144,VPLpc,
18864_4067_x3464_y21495,MOp,L4
18454_01009,VPM,
18869_4089_x6848_y5110,SSp-m,L5
18869_6076_x17177_y3306,RSPagl,
17781_6643_x22317_y12822,TR,
18867_3383_x10177_y11497,SSp-m,L5
18464_00133,VPL,
18454_01013,VPM,
18864_3338_x3396_y21865,MOp,L4
18457_00135,SMT,
17545_00004,CP,
182724_2383_x9300_y17890,ORBvl,
18464_00192,LP,
18455_00137,VPM,
18868_3981_x30626_y12403,SSs,L5
18465_00112,LGd,
18454_01124,VPM,
pre_18864_00038,MOp,
18454_00160,VPM,
18869_4301_x20547_y5218,SSp-un,L5
18454_00068,VPL,
18455_00009,CP,
18868_3207_x27726_y9448,SSp-m,L5
18455_00181,CP,
18453_6479_x9010_y4330,VISal,L2/3
18454_01089,VPM,
17302_00125,LP,
18465_00246,CEA,
18455_00142,VPM,
17788_4719_x3512_y9492,SSs,L5
17545_00150,CP,
18465_00287,VPM,
18465_00128,VPM,
182725_3762_x5563_y19178,MOp,L5
18454_00143,VPLpc,
18454_00052,VPM,
18462_00023,VPLpc,
18457_00032,CP,
18465_00048,PO,
18454_01056,VPM,
18465_00039,CP,
18454_01082,VPM,
17545_00116,CP,
17302_00063,CP,
18455_00257,VPM,
191812_5922_x4572_y8645,SSp-tr,
236174_5670_x14073_y29439,SSs,L6
191812_3494_x7001_y8336,SSp-m,
18458_00239,LGd,
17545_00095,LGd,
18453_3186_x12745_y7108,MOp,L2/3
18455_00030,CP,
18869_5213_x7186_y4274,SSp-bfd,L5
18455_00019,VPL,
18453_4749_x31789_y8895,SSp-n,L4
17545_00176,LP,
pre_18864_00018,SSp-ll,
18462_00025,MG,
18457_00142,CP,
18458_00574,MG,
18454_00020,CP,
18458_00567,VPL,
17786_00017,AON,
18457_00006,CP,
18455_00040,CP,
18868_4863_x31402_y10126,SSs,L5
18868_3922_x26631_y7518,SSp-ul,L5
pre_18864_00442,SSp-bfd,
pre_18458_00354,DG,
18454_01134,VPL,
18454_00053,MD,
182725_5094_x5532_y11642,RSPagl,
18458_00430,VPM,
17545_00026,CP,
18454_01120,VPM,
191812_4445_x5426_y10324,SSp-ll,
17781_6270_x9494_y43380,AUDd,L6
